{
  "credit": "Made with Blockbench",
  "texture_size": [
    8,
    8
  ],
  "elements": [
    {
      "from": [
        3,
        0.5,
        5
      ],
      "to": [
        13,
        8.5,
        13
      ],
      "rotation": {
        "angle": 0,
        "axis": "y",
        "origin": [
          7,
          6,
          7
        ]
      },
      "faces": {
        "north": {
          "uv": [
            0,
            0,
            5,
            4
          ],
          "texture": "#0"
        },
        "east": {
          "uv": [
            0,
            8,
            4,
            12
          ],
          "texture": "#0"
        },
        "south": {
          "uv": [
            0,
            4,
            5,
            8
          ],
          "texture": "#0"
        },
        "west": {
          "uv": [
            4,
            8,
            8,
            12
          ],
          "texture": "#0"
        },
        "up": {
          "uv": [
            10,
            4,
            5,
            0
          ],
          "texture": "#0"
        },
        "down": {
          "uv": [
            10,
            4,
            5,
            8
          ],
          "texture": "#0"
        }
      }
    },
    {
      "from": [
        11,
        3.5,
        3
      ],
      "to": [
        13,
        8.5,
        5
      ],
      "rotation": {
        "angle": 0,
        "axis": "y",
        "origin": [
          11,
          3,
          3
        ]
      },
      "faces": {
        "north": {
          "uv": [
            4,
            12,
            5,
            14.5
          ],
          "texture": "#0"
        },
        "east": {
          "uv": [
            5,
            12,
            6,
            14.5
          ],
          "texture": "#0"
        },
        "south": {
          "uv": [
            6,
            12,
            7,
            14.5
          ],
          "texture": "#0"
        },
        "west": {
          "uv": [
            7,
            12,
            8,
            14.5
          ],
          "texture": "#0"
        },
        "up": {
          "uv": [
            14,
            11,
            13,
            10
          ],
          "texture": "#0"
        },
        "down": {
          "uv": [
            14,
            11,
            13,
            12
          ],
          "texture": "#0"
        }
      }
    },
    {
      "from": [
        3,
        6.5,
        3
      ],
      "to": [
        13,
        8.5,
        5
      ],
      "rotation": {
        "angle": 0,
        "axis": "y",
        "origin": [
          4,
          6,
          3
        ]
      },
      "faces": {
        "north": {
          "uv": [
            10,
            2,
            15,
            3
          ],
          "texture": "#0"
        },
        "east": {
          "uv": [
            10,
            12.5,
            11,
            13.5
          ],
          "texture": "#0"
        },
        "south": {
          "uv": [
            10,
            3,
            15,
            4
          ],
          "texture": "#0"
        },
        "west": {
          "uv": [
            11,
            12.5,
            12,
            13.5
          ],
          "texture": "#0"
        },
        "up": {
          "uv": [
            15,
            5,
            10,
            4
          ],
          "texture": "#0"
        },
        "down": {
          "uv": [
            15,
            5,
            10,
            6
          ],
          "texture": "#0"
        }
      }
    },
    {
      "from": [
        3,
        0.5,
        3
      ],
      "to": [
        13,
        4.5,
        5
      ],
      "rotation": {
        "angle": 0,
        "axis": "y",
        "origin": [
          7,
          2,
          3
        ]
      },
      "faces": {
        "north": {
          "uv": [
            8,
            8,
            13,
            10
          ],
          "texture": "#0"
        },
        "east": {
          "uv": [
            12,
            10,
            13,
            12
          ],
          "texture": "#0"
        },
        "south": {
          "uv": [
            10,
            0,
            15,
            2
          ],
          "texture": "#0"
        },
        "west": {
          "uv": [
            12,
            12,
            13,
            14
          ],
          "texture": "#0"
        },
        "up": {
          "uv": [
            15,
            7,
            10,
            6
          ],
          "texture": "#0"
        },
        "down": {
          "uv": [
            15,
            7,
            10,
            8
          ],
          "texture": "#0"
        }
      }
    },
    {
      "from": [
        3,
        3.5,
        3
      ],
      "to": [
        5,
        8.5,
        5
      ],
      "rotation": {
        "angle": 0,
        "axis": "y",
        "origin": [
          3,
          3,
          3
        ]
      },
      "faces": {
        "north": {
          "uv": [
            8,
            10,
            9,
            12.5
          ],
          "texture": "#0"
        },
        "east": {
          "uv": [
            9,
            10,
            10,
            12.5
          ],
          "texture": "#0"
        },
        "south": {
          "uv": [
            10,
            10,
            11,
            12.5
          ],
          "texture": "#0"
        },
        "west": {
          "uv": [
            11,
            10,
            12,
            12.5
          ],
          "texture": "#0"
        },
        "up": {
          "uv": [
            9,
            13.5,
            8,
            12.5
          ],
          "texture": "#0"
        },
        "down": {
          "uv": [
            10,
            12.5,
            9,
            13.5
          ],
          "texture": "#0"
        }
      }
    },
    {
      "from": [
        7,
        3.5,
        3
      ],
      "to": [
        9,
        8.5,
        5
      ],
      "rotation": {
        "angle": 0,
        "axis": "y",
        "origin": [
          7,
          3,
          3
        ]
      },
      "faces": {
        "north": {
          "uv": [
            0,
            12,
            1,
            14.5
          ],
          "texture": "#0"
        },
        "east": {
          "uv": [
            1,
            12,
            2,
            14.5
          ],
          "texture": "#0"
        },
        "south": {
          "uv": [
            2,
            12,
            3,
            14.5
          ],
          "texture": "#0"
        },
        "west": {
          "uv": [
            3,
            12,
            4,
            14.5
          ],
          "texture": "#0"
        },
        "up": {
          "uv": [
            14,
            9,
            13,
            8
          ],
          "texture": "#0"
        },
        "down": {
          "uv": [
            14,
            9,
            13,
            10
          ],
          "texture": "#0"
        }
      }
    },
    {
      "from": [
        3,
        7,
        4
      ],
      "to": [
        5,
        10,
        5
      ],
      "rotation": {
        "angle": 22.5,
        "axis": "z",
        "origin": [
          3,
          7,
          3
        ]
      },
      "faces": {
        "north": {
          "uv": [
            0,
            0,
            4,
            6
          ],
          "texture": "#1"
        },
        "east": {
          "uv": [
            8,
            0,
            10,
            6
          ],
          "texture": "#1"
        },
        "south": {
          "uv": [
            4,
            0,
            8,
            6
          ],
          "texture": "#1"
        },
        "west": {
          "uv": [
            8,
            6,
            10,
            12
          ],
          "texture": "#1"
        },
        "up": {
          "uv": [
            4,
            14,
            0,
            12
          ],
          "texture": "#1"
        },
        "down": {
          "uv": [
            16,
            0,
            12,
            2
          ],
          "texture": "#1"
        }
      }
    },
    {
      "from": [
        11,
        8,
        4
      ],
      "to": [
        13,
        11,
        5
      ],
      "rotation": {
        "angle": -22.5,
        "axis": "z",
        "origin": [
          11,
          7,
          3
        ]
      },
      "faces": {
        "north": {
          "uv": [
            0,
            6,
            4,
            12
          ],
          "texture": "#1"
        },
        "east": {
          "uv": [
            10,
            0,
            12,
            6
          ],
          "texture": "#1"
        },
        "south": {
          "uv": [
            4,
            6,
            8,
            12
          ],
          "texture": "#1"
        },
        "west": {
          "uv": [
            10,
            6,
            12,
            12
          ],
          "texture": "#1"
        },
        "up": {
          "uv": [
            16,
            4,
            12,
            2
          ],
          "texture": "#1"
        },
        "down": {
          "uv": [
            8,
            12,
            4,
            14
          ],
          "texture": "#1"
        }
      }
    }
  ],
  "display": {
    "head": {
      "translation": [
        0,
        6.5,
        0
      ],
      "scale": [
        1.60742,
        1.60938,
        1.60938
      ]
    }
  },
  "groups": [
    {
      "name": "group",
      "origin": [
        0,
        0,
        0
      ],
      "color": 0,
      "children": [
        0,
        1,
        2,
        3,
        4,
        5,
        {
          "name": "group",
          "origin": [
            11,
            7,
            3
          ],
          "color": 0,
          "children": [
            6,
            7
          ]
        }
      ]
    }
  ]
}