{
  "_fv": 79,
  "_type": "tool",
  "definition": {
    "toolType": "Sword",
    "renderType": 0,
    "blockingRenderType": 0,
    "texture": "outils_nucleaire_sword",
    "customModelName": "Normal",
    "blockingModelName": "Normal blocking",
    "guiTexture": "",
    "name": "Outils_nucleaire Sword",
    "specialInformation": {
      "fixedValue": []
    },
    "creativeTabs": [
      {
        "value": "COMBAT"
      }
    ],
    "efficiency": 9.0,
    "attackSpeed": 3.0,
    "enchantability": 28,
    "damageVsEntity": 12.0,
    "usageCount": 660,
    "glowCondition": {
      "fixedValue": false
    },
    "repairItems": [
      {
        "value": "CUSTOM:Nucleaire"
      }
    ],
    "immuneToFire": false,
    "blockDropsTier": "DIAMOND",
    "blocksAffected": [],
    "stayInGridWhenCrafting": false,
    "damageOnCrafting": false
  }
}