{
  "_fv": 79,
  "_type": "fluid",
  "definition": {
    "name": "Radioactif",
    "bucketName": "Radioactif Bucket",
    "textureStill": "bombenucleaire",
    "textureFlowing": "bombenucleaire",
    "textureRenderOverlay": "",
    "hasFog": false,
    "fogStartDistance": {
      "fixedValue": 0.0
    },
    "fogEndDistance": {
      "fixedValue": 48.0
    },
    "tintType": "No tint",
    "canMultiply": true,
    "flowRate": 10,
    "levelDecrease": 1,
    "slopeFindDistance": 15,
    "spawnParticles": true,
    "dripParticle": {
      "value": "ASH"
    },
    "flowStrength": 1.0,
    "luminosity": 0,
    "density": 1000,
    "viscosity": 1000,
    "temperature": 300,
    "type": "WATER",
    "generateBucket": true,
    "textureBucket": "",
    "creativeTabs": [
      {
        "value": "REDSTONE"
      }
    ],
    "emptySound": {
      "value": ""
    },
    "rarity": "COMMON",
    "specialInformation": {
      "fixedValue": []
    },
    "resistance": 100.0,
    "luminance": 0,
    "lightOpacity": 1,
    "emissiveRendering": false,
    "tickRate": 0,
    "ignitedByLava": false,
    "flammability": 0,
    "fireSpreadSpeed": 0,
    "colorOnMap": "DEFAULT"
  }
}