{
  "_fv": 79,
  "_type": "biome",
  "definition": {
    "name": "Videnucleaire",
    "groundBlock": {
      "value": "Blocks.MAGMA"
    },
    "undergroundBlock": {
      "value": "CUSTOM:SatanbombaN"
    },
    "underwaterBlock": {
      "value": "Blocks.GRAVEL"
    },
    "airColor": {
      "value": -256,
      "falpha": 0.0
    },
    "fogColor": {
      "value": -256,
      "falpha": 0.0
    },
    "grassColor": {
      "value": -256,
      "falpha": 0.0
    },
    "foliageColor": {
      "value": -256,
      "falpha": 0.0
    },
    "waterColor": {
      "value": -256,
      "falpha": 0.0
    },
    "waterFogColor": {
      "value": -256,
      "falpha": 0.0
    },
    "ambientSound": {
      "value": ""
    },
    "additionsSound": {
      "value": ""
    },
    "music": {
      "value": ""
    },
    "moodSound": {
      "value": ""
    },
    "moodSoundDelay": 6000,
    "spawnParticles": true,
    "particleToSpawn": {
      "value": "ASH"
    },
    "particlesProbability": 1.0,
    "rainingPossibility": 0.1,
    "temperature": 0.1,
    "spawnBiome": true,
    "spawnInCaves": true,
    "spawnBiomeNether": true,
    "genTemperature": {
      "min": 1.0,
      "max": 1.0001
    },
    "genHumidity": {
      "min": -0.5,
      "max": 0.5
    },
    "genContinentalness": {
      "min": 0.30069999999999997,
      "max": 1.0
    },
    "genErosion": {
      "min": -0.5,
      "max": 0.5
    },
    "genWeirdness": {
      "min": -1.0,
      "max": 1.0
    },
    "treesPerChunk": 2,
    "vanillaTreeType": "Mega spruce trees",
    "treeType": 1,
    "minHeight": 7,
    "treeStem": {
      "value": "CUSTOM:RadioactiffLog"
    },
    "treeBranch": {
      "value": "CUSTOM:RadioactiffWood"
    },
    "treeVines": {
      "value": "CUSTOM:RadioactiffLeaves"
    },
    "treeFruits": {
      "value": "CUSTOM:RadioactiffLeaves"
    },
    "defaultFeatures": [
      "Caves",
      "Ores",
      "FrozenTopLayer"
    ],
    "spawnStronghold": true,
    "spawnMineshaft": true,
    "spawnMineshaftMesa": false,
    "spawnPillagerOutpost": false,
    "villageType": "desert",
    "spawnWoodlandMansion": true,
    "spawnJungleTemple": false,
    "spawnDesertPyramid": true,
    "spawnSwampHut": false,
    "spawnIgloo": false,
    "spawnOceanMonument": false,
    "spawnShipwreck": false,
    "spawnShipwreckBeached": false,
    "spawnBuriedTreasure": false,
    "oceanRuinType": "NONE",
    "spawnNetherBridge": false,
    "spawnNetherFossil": false,
    "spawnBastionRemnant": true,
    "spawnEndCity": true,
    "spawnRuinedPortal": "NONE",
    "spawnEntries": [
      {
        "entity": {
          "value": "EntityBlaze"
        },
        "minGroup": 4,
        "maxGroup": 4,
        "weight": 20,
        "spawnType": "monster"
      }
    ]
  }
}