{
  "has_precipitation": true,
  "temperature": 0.1,
  "downfall": 0.1,
  "effects": {
    "particle": {
      "options": {
        "type": "ash"
      },
      "probability": 0.01
    },
    "foliage_color": -256,
    "grass_color": -256,
    "sky_color": -256,
    "fog_color": -256,
    "water_color": -256,
    "water_fog_color": -256
  },
  "spawners": {
    "monster": [
      {
        "type": "blaze",
        "weight": 20,
        "minCount": 4,
        "maxCount": 4
      }
    ],
    "creature": [],
    "ambient": [],
    "axolotls": [],
    "underground_water_creature": [],
    "water_creature": [],
    "water_ambient": [],
    "misc": []
  },
  "spawn_costs": {},
  "carvers": [],
  "features": [
    [],
    [],
    [],
    [],
    [],
    [],
    [],
    [],
    [],
    [
      "bombeaddons:videnucleaire_tree"
    ],
    [
      "minecraft:freeze_top_layer"
    ]
  ]
}